UNIQUE_CARRIER_NAME,UNIQUE_CARRIER,CARRIER,CARRIER_NAME,AIRLINE_ID
JetBlue Airways,B6,B6,JetBlue Airways,20409
Virgin America,VX,VX,Virgin America,21171
Tradewind Aviation,04Q,04Q,Tradewind Aviation,21080
Aerodynamics Inc. d/b/a SkyValue d/b/a SkyValue Airways,AJQ,AJQ,Aerodynamics Inc. d/b/a SkyValue d/b/a SkyValue Airways,20354
Ameristar Air Cargo,AMQ,AMQ,Ameristar Air Cargo,20201
Allegiant Air,G4,G4,Allegiant Air,20368
Avjet Corporation,0WQ,0WQ,Avjet Corporation,21352
American Airlines Inc.,AA,AA,American Airlines Inc.,19805
Delta Air Lines Inc.,DL,DL,Delta Air Lines Inc.,19790
Miami Air International,GL,GL,Miami Air International,20402
United Air Lines Inc.,UA,UA,United Air Lines Inc.,19977
Southwest Airlines Co.,WN,WN,Southwest Airlines Co.,19393
"Jet Aviation Flight Services, Inc.",27Q,27Q,"Jet Aviation Flight Services, Inc.",21652
Omni Air International LLC,X9,X9,Omni Air International LLC,20377
"Swift Air, LLC",09Q,09Q,"Swift Air, LLC",21161
Kalitta Charters II,KLQ,KLQ,Kalitta Charters II,20372
CFM Inc d/b/a Contour Airlines,LF,LF,CFM Inc d/b/a Contour Airlines,21635
Sun Country Airlines d/b/a MN Airlines,SY,SY,Sun Country Airlines d/b/a MN Airlines,20422
USA Jet Airlines Inc.,U7,U7,USA Jet Airlines Inc.,20447
Southern Air Inc.,9S,9S,Southern Air Inc.,20190
Alaska Airlines Inc.,AS,AS,Alaska Airlines Inc.,19930
Trans States Airlines,AX,AX,Trans States Airlines,20237
Peninsula Airways Inc.,KS,KS,Peninsula Airways Inc.,20225
Great Lakes Airlines,ZK,ZK,Great Lakes Airlines,20358
Boutique Air,4B,4B,Boutique Air,21599
GoJet Airlines LLC d/b/a United Express,G7,G7,GoJet Airlines LLC d/b/a United Express,20500
SkyWest Airlines Inc.,OO,OO,SkyWest Airlines Inc.,20304
Republic Airlines,YX,YX,Republic Airlines,20452
Frontier Airlines Inc.,F9,F9,Frontier Airlines Inc.,20436
Federal Express Corporation,FX,FX,Federal Express Corporation,20107
Spirit Air Lines,NK,NK,Spirit Air Lines,20416
Mesa Airlines Inc.,YV,YV,Mesa Airlines Inc.,20378
Envoy Air,MQ,MQ,Envoy Air,20398
ExpressJet Airlines Inc.,EV,EV,ExpressJet Airlines Inc.,20366
United Parcel Service,5X,5X,United Parcel Service,19917
Endeavor Air Inc.,9E,9E,Endeavor Air Inc.,20363
Compass Airlines,CP,CP,Compass Airlines,21167
Via Airlines d/b/a Charter Air Transport,1AQ,1AQ,Via Airlines d/b/a Charter Air Transport,21477
Horizon Air,QX,QX,Horizon Air,19687
Empire Airlines Inc.,EM,EM,Empire Airlines Inc.,20263