airport_abr,airport_id,state,city
DEN,11292,Colorado,Denver
COS,11109,Colorado,Colorado Springs
OKC,13851,Oklahoma,Oklahoma City
BFF,10558,Nebraska,Scottsbluff
DDC,11283,Kansas,Dodge City
EAR,11468,Nebraska,Kearney
LBF,12899,Nebraska,North Platte
LBL,12902,Kansas,Liberal
APA,10325,Colorado,Denver
PGA,14081,Arizona,Page
FMN,11711,New Mexico,Farmington
SFO,14771,California,San Francisco
DIK,11315,North Dakota,Dickinson
ISN,12389,North Dakota,Williston
STL,15016,Missouri,St. Louis
EGE,11503,Colorado,Eagle
GSP,11996,South Carolina,Greer
VCV,15570,California,Victorville
BUR,10800,California,Burbank
ASE,10372,Colorado,Aspen
PHX,14107,Arizona,Phoenix
ATL,10397,Georgia,Atlanta
DFW,11298,Texas,Dallas/Fort Worth
CVG,11193,Kentucky,Cincinnati
DTW,11433,Michigan,Detroit
FSD,11775,South Dakota,Sioux Falls
LAS,12889,Nevada,Las Vegas
SAN,14679,California,San Diego
SLC,14869,Utah,Salt Lake City
YIP,16091,Michigan,Detroit
CLE,11042,Ohio,Cleveland
JAN,12448,Mississippi,Jackson/Vicksburg
LAX,12892,California,Los Angeles
MIA,13303,Florida,Miami
RIC,14524,Virginia,Richmond
BUF,10792,New York,Buffalo
CRP,11140,Texas,Corpus Christi
ECP,11481,Florida,Panama City
GPT,11973,Mississippi,Gulfport/Biloxi
LBB,12896,Texas,Lubbock
LIT,12992,Arkansas,Little Rock
AUS,10423,Texas,Austin
ORD,13930,Illinois,Chicago
SJC,14831,California,San Jose
OAK,13796,California,Oakland
PTK,14275,Michigan,Pontiac
GJT,11921,Colorado,Grand Junction
ENV,11563,Utah,Wendover
MKE,13342,Wisconsin,Milwaukee
IFP,10590,Arizona,Bullhead City
FNL,11719,Colorado,Fort Collins/Loveland
MTJ,13502,Colorado,Montrose/Delta
PUB,14288,Colorado,Pueblo
DRO,11413,Colorado,Durango
SLN,14877,Kansas,Salina
GUC,12012,Colorado,Gunnison
BFI,10559,Washington,Seattle
SDF,14730,Kentucky,Louisville
ATY,10409,South Dakota,Watertown
ICT,12278,Kansas,Wichita
BOS,10721,Massachusetts,Boston
MSP,13487,Minnesota,Minneapolis
TUL,15370,Oklahoma,Tulsa
MSO,13486,Montana,Missoula
TUS,15376,Arizona,Tucson
ABQ,10140,New Mexico,Albuquerque
CID,11003,Iowa,Cedar Rapids/Iowa City
COD,11097,Wyoming,Cody
CPR,11122,Wyoming,Casper
GRR,11986,Michigan,Grand Rapids
IAH,12266,Texas,Houston
JAC,12441,Wyoming,Jackson
MFR,13264,Oregon,Medford
OMA,13871,Nebraska,Omaha
RDM,14489,Oregon,Bend/Redmond
SNA,14908,California,Santa Ana
SUN,15041,Idaho,Sun Valley/Hailey/Ketchum
BIL,10620,Montana,Billings
BZN,10849,Montana,Bozeman
FLL,11697,Florida,Fort Lauderdale
IAD,12264,Virginia,Washington
MCI,13198,Missouri,Kansas City
MCO,13204,Florida,Orlando
PHL,14100,Pennsylvania,Philadelphia
PSP,14262,California,Palm Springs
RNO,14570,Nevada,Reno
BOI,10713,Idaho,Boise
PDX,14057,Oregon,Portland
RSW,14635,Florida,Fort Myers
DSM,11423,Iowa,Des Moines
CMH,11066,Ohio,Columbus
IND,12339,Indiana,Indianapolis
TYS,15412,Tennessee,Knoxville
MSY,13495,Louisiana,New Orleans
LAW,12891,Oklahoma,Lawton/Fort Sill
GTF,12003,Montana,Great Falls
SAT,14683,Texas,San Antonio
DCA,11278,Virginia,Washington
GEG,11884,Washington,Spokane
RDU,14492,North Carolina,Raleigh/Durham
SBA,14689,California,Santa Barbara
TPA,15304,Florida,Tampa
BWI,10821,Maryland,Baltimore
CHS,10994,South Carolina,Charleston
BHM,10599,Alabama,Birmingham
MSN,13485,Wisconsin,Madison
ELP,11540,Texas,El Paso
SGF,14783,Missouri,Springfield
SHV,14814,Louisiana,Shreveport
AMA,10279,Texas,Amarillo
DAY,11267,Ohio,Dayton
ONT,13891,California,Ontario
EWR,11618,New Jersey,Newark
LGB,12954,California,Long Beach
ORF,13931,Virginia,Norfolk
SEA,14747,Washington,Seattle
SMF,14893,California,Sacramento
BNA,10693,Tennessee,Nashville
MEM,13244,Tennessee,Memphis
XNA,15919,Arkansas,Fayetteville
CLT,11057,North Carolina,Charlotte
EUG,11603,Oregon,Eugene
FCA,11648,Montana,Kalispell
LIH,12982,Hawaii,Lihue
CYS,11233,Wyoming,Cheyenne
MOT,13433,North Dakota,Minot
OTH,13964,Oregon,North Bend/Coos Bay
JAX,12451,Florida,Jacksonville
HDN,12094,Colorado,Hayden
PIT,14122,Pennsylvania,Pittsburgh
PNS,14193,Florida,Pensacola
BDL,10529,Connecticut,Hartford
LGA,12953,New York,New York
HOU,12191,Texas,Houston
AZA,10466,Arizona,Phoenix
BKG,10643,Missouri,Branson
TEX,15177,Colorado,Telluride
CEZ,10950,Colorado,Cortez
JFK,12478,New York,New York
GSO,11995,North Carolina,Greensboro/High Point
MLI,13367,Illinois,Moline
FAT,11638,California,Fresno
DAL,11259,Texas,Dallas
AFW,10194,Texas,Dallas/Fort Worth
BIS,10627,North Dakota,Bismarck/Mandan
RAP,14457,South Dakota,Rapid City
SBP,14698,California,San Luis Obispo
KOA,12758,Hawaii,Kona
OGG,13830,Hawaii,Kahului
MAF,13158,Texas,Midland/Odessa
ALS,10272,Colorado,Alamosa
LNK,13029,Nebraska,Lincoln
FAR,11637,North Dakota,Fargo
HSV,12217,Alabama,Huntsville
HLN,12156,Montana,Helena
HNL,12173,Hawaii,Honolulu
ALB,10257,New York,Albany
RIW,14534,Wyoming,Riverton/Lander
PIR,14120,South Dakota,Pierre
AIA,10221,Nebraska,Alliance
CDR,10925,Nebraska,Chadron
MCK,13200,Nebraska,McCook
VEL,15582,Utah,Vernal
HYS,12255,Kansas,Hays
JMS,12519,North Dakota,Jamestown
LAR,12888,Wyoming,Laramie
ANC,10299,Alaska,Anchorage
CNY,11092,Utah,Moab
BFL,10561,California,Bakersfield
GCC,11865,Wyoming,Gillette
RKS,14543,Wyoming,Rock Springs
SAF,14674,New Mexico,Santa Fe
PSC,14252,Washington,Pasco/Kennewick/Richland
SGU,14794,Utah,St. George
IDA,12280,Idaho,Idaho Falls
MDW,13232,Illinois,Chicago
USA,12544,North Carolina,CONCORD
MKC,13341,Missouri,Kansas City
SGR,14792,Texas,Sugar Land
BRO,10747,Texas,Brownsville
ROC,14576,New York,Rochester
DPA,11376,Illinois,Chicago
GAD,11840,Alabama,Gadsden
RFD,14512,Illinois,Rockford
DVL,11447,North Dakota,Devils Lake